{
  "metadata": {
    "version": 4.3,
    "type": "Object",
    "generator": "ObjectExporter"
  },
  "verts": [
    -5.290273, -0.148765, 2.510752, -5.264431, -0.148765, 2.536595, -5.264431, -0.174607, 2.509968, -5.264153,
    0.210387, 2.537009, -5.290662, 0.210429, 2.510324, -5.264144, 0.236925, 2.509865, 5.096839, 0.210222,
    2.234489, 5.062453, 0.210534, 2.263934, 5.064864, 0.236985, 2.242516, 5.064864, -0.175037, 2.242516,
    5.062453, -0.148587, 2.263934, 5.09684, -0.148275, 2.234489, 5.287356, -0.148263, 1.944215, 5.299295,
    -0.148687, 1.900721, 5.282098, -0.175083, 1.910411, 5.299295, 0.210635, 1.900721, 5.287356, 0.21021,
    1.944215, 5.282098, 0.23703, 1.910411, -5.290662, -0.148483, -2.510324, -5.264143, -0.174978, -2.509865,
    -5.264153, -0.14844, -2.537009, -5.264431, 0.210712, -2.536595, -5.264431, 0.236554, -2.509968, -5.290273,
    0.210712, -2.510752, 5.09684, 0.210221, -2.234489, 5.064864, 0.236984, -2.242516, 5.062453, 0.210534,
    -2.263934, 5.064864, -0.175038, -2.242516, 5.096839, -0.148276, -2.234488, 5.062453, -0.148588, -2.263934,
    5.287355, -0.148263, -1.944215, 5.282098, -0.175084, -1.910411, 5.299295, -0.148688, -1.900721, 5.299295,
    0.210634, -1.900721, 5.282098, 0.23703, -1.910411, 5.287356, 0.210209, -1.944215
  ],
  "normals": [
    0.5715, 0.5889, -0.5715, 0.5715, 0.5889, -0.5715, 0.5715, 0.5889, -0.5715, 0.5748, -0.5852, -0.572, 0.5748,
    -0.5852, -0.572, 0.5748, -0.5852, -0.572, -0.5716, -0.4843, -0.6624, -0.5716, -0.4843, -0.6624, -0.5716,
    -0.4843, -0.6624, -0.5716, 0.4843, -0.6624, -0.5716, 0.4843, -0.6624, -0.5716, 0.4843, -0.6624, -0.8514,
    0.4672, -0.2383, -0.8514, 0.4672, -0.2383, -0.8514, 0.4672, -0.2383, -0.8514, -0.4672, -0.2383, -0.8514,
    -0.4672, -0.2383, -0.8514, -0.4672, -0.2383, 0.5748, 0.5852, 0.5719, 0.5748, 0.5852, 0.5719, 0.5748, 0.5852,
    0.5719, 0.5715, -0.5889, 0.5715, 0.5715, -0.5889, 0.5715, 0.5715, -0.5889, 0.5715, -0.5716, -0.4843, 0.6624,
    -0.5716, -0.4843, 0.6624, -0.5716, -0.4843, 0.6624, -0.5716, 0.4843, 0.6624, -0.5716, 0.4843, 0.6624,
    -0.5716, 0.4843, 0.6624, -0.8514, 0.4673, 0.2383, -0.8514, 0.4673, 0.2383, -0.8514, 0.4673, 0.2383, -0.8514,
    -0.4672, 0.2383, -0.8514, -0.4672, 0.2383, -0.8514, -0.4672, 0.2383
  ],
  "texcoords": [
    0.874381, 0.252564, 0.873773, 0.25, 0.875, 0.252602, 0.126233, 0.25128399999999995, 0.125,
    0.25258499999999995, 0.125, 0.252607, 0.403388, 0.25028399999999995, 0.40322, 0.25, 0.388963, 0.25,
    0.626531, 0.25483199999999995, 0.625973, 0.25, 0.625, 0.253641, 0.596606, 0.30896199999999996, 0.596834,
    0.31366799999999995, 0.625805, 0.31239300000000003, 0.403166, 0.31366799999999995, 0.403394,
    0.30896199999999996, 0.374189, 0.312458, 0.87439, 0.25258499999999995, 0.875, 0.252607, 0.873767, 0.25,
    0.126227, 0.25130399999999997, 0.125, 0.252602, 0.125, 0.252564, 0.403388, 0.25028399999999995, 0.388963,
    0.25, 0.40322, 0.25, 0.626531, 0.25483199999999995, 0.625, 0.253641, 0.625973, 0.25, 0.596606,
    0.30896199999999996, 0.625811, 0.312458, 0.596834, 0.31366799999999995, 0.403165, 0.31366799999999995,
    0.374195, 0.31239300000000003, 0.403394, 0.30896199999999996
  ],
  "indices": [
    0, 1, 2, 3, 4, 5, 6, 7, 8, 9, 10, 11, 12, 13, 14, 15, 16, 17, 18, 19, 20, 21, 22, 23, 24, 25, 26, 27, 28,
    29, 30, 31, 32, 33, 34, 35
  ]
}
